"","Species","week","Sum_Ob","Sum_Ab","Sum_ObxAbxS"
"1","Athene cunicularia",1,25.8366180743371,36.5768025511461,36.3729616139326
"2","Athene cunicularia",2,26.1663998551271,34.9186321741454,34.6764506518927
"3","Athene cunicularia",3,27.1785995104285,34.5046812705435,33.9949906403403
"4","Athene cunicularia",4,27.4933510979605,34.8206084925773,34.4190847166779
"5","Athene cunicularia",5,28.3687895197862,37.7071043121564,39.1922992437976
"6","Athene cunicularia",6,28.2346460269991,39.8422350259269,42.3574746883985
"7","Athene cunicularia",7,29.0631837593272,42.7282720242877,46.4738912255939
"8","Athene cunicularia",8,29.5838786420696,44.7357059112526,48.320703889877
"9","Athene cunicularia",9,29.5923730701931,44.7754322646069,48.0642162301337
"10","Athene cunicularia",10,28.4260583764569,41.1831560719507,42.8542921697797
"11","Athene cunicularia",11,26.3461506761655,35.2128152930072,33.9546362208982
"12","Athene cunicularia",12,24.5247646714007,30.1420608048502,27.7066386123073
"13","Athene cunicularia",13,24.9371644580936,29.5273625204906,26.7981919199997
"14","Athene cunicularia",14,24.6888368991372,27.6124766882439,24.2180957622974
"15","Athene cunicularia",15,25.1250357877182,29.1988415749553,26.4645022206982
"16","Athene cunicularia",16,25.7747988347466,29.7550503662816,27.113371124701
"17","Athene cunicularia",17,26.0894356281776,30.9029301043692,28.2362453822149
"18","Athene cunicularia",18,27.3063709723354,34.0976485818229,31.7385871210118
"19","Athene cunicularia",19,27.62916705337,34.3020508945848,32.1726460696323
"20","Athene cunicularia",20,26.545705722909,32.425212883762,30.1865808706764
"21","Athene cunicularia",21,25.841656234334,32.4438414881336,30.1203008956791
"22","Athene cunicularia",22,26.0974468142143,33.8199067294498,32.4545907061061
"23","Athene cunicularia",23,27.0198553855663,36.6284613413718,37.5949849417775
"24","Athene cunicularia",24,27.6801460377681,38.3940858438377,39.8145474095799
"25","Athene cunicularia",25,28.4269178222958,39.1767920181157,40.3342315499797
"26","Athene cunicularia",26,28.1695477228695,35.9399084192605,35.9117279076762
"27","Athene cunicularia",27,28.6860829517036,34.9439961775525,34.6220340903959
"28","Athene cunicularia",28,28.5593210164924,33.911870173969,34.0031488520175
"29","Athene cunicularia",29,28.2475124435865,34.8185265761212,34.9977228426989
"30","Athene cunicularia",30,27.6940415942024,36.1347990536837,35.9491400121957
"31","Athene cunicularia",31,26.8834080292923,37.4084669327119,36.2105727526102
"32","Athene cunicularia",32,25.2852164329628,36.7635763796142,33.995856882596
"33","Athene cunicularia",33,23.6761030832216,33.2402449292607,29.8875895368919
"34","Athene cunicularia",34,23.1435650694166,30.3101933813787,27.1688329309498
"35","Athene cunicularia",35,22.1874960846923,26.8802138924676,23.4898047762976
"36","Athene cunicularia",36,21.9184839617258,22.8637410049904,19.6742120745052
"37","Athene cunicularia",37,22.4952938093275,22.8504542138019,20.0372662615568
"38","Athene cunicularia",38,23.1196651219109,23.5793979403984,20.908275397119
"39","Athene cunicularia",39,24.4991973515451,24.8296811150248,22.9841535530445
"40","Athene cunicularia",40,26.7121094484328,28.2652926219926,27.6953250457332
"41","Athene cunicularia",41,29.3010331483825,33.1347829404199,34.791554239745
"42","Athene cunicularia",42,32.1015964551403,38.9890170209029,45.0058316051013
"43","Athene cunicularia",43,33.8552936487741,45.1234119720793,54.8774807498295
"44","Athene cunicularia",44,34.7206035972763,48.1233660138767,60.9905775099944
"45","Athene cunicularia",45,34.6516487495273,49.0052268612482,62.9218927362595
"46","Athene cunicularia",46,32.802996493393,46.2870327850431,57.9380342743431
"47","Athene cunicularia",47,32.3557860411806,46.3459430743205,57.6384317858422
"48","Athene cunicularia",48,30.8886937485636,44.8086227226373,54.2243102708623
"49","Athene cunicularia",49,28.730239159996,41.8499740325296,47.3255091153719
"50","Athene cunicularia",50,27.812766691769,41.7494387853303,46.1081449466917
"51","Athene cunicularia",51,25.7083769991463,40.2991231494737,43.0562654427771
"52","Athene cunicularia",52,25.5828112909289,39.8514885192248,41.6808982356203
"53","Bubulcus ibis",1,25.4841735541998,118.135661949779,582.299196182739
"54","Bubulcus ibis",2,25.1742802086284,123.829201465745,570.727115479563
"55","Bubulcus ibis",3,21.19585055844,121.568557944427,496.557016447684
"56","Bubulcus ibis",4,20.0407329910296,120.056443023144,471.450478812063
"57","Bubulcus ibis",5,18.1198521535391,114.131610567328,417.16506450245
"58","Bubulcus ibis",6,19.231277113919,116.609275956938,435.639488072938
"59","Bubulcus ibis",7,20.075951000711,114.324134738749,465.119658926794
"60","Bubulcus ibis",8,21.9655337209695,118.874678592901,505.244732728545
"61","Bubulcus ibis",9,24.5197259868291,131.024726834092,593.740783830414
"62","Bubulcus ibis",10,25.2719661047119,133.790403409226,604.704068006448
"63","Bubulcus ibis",11,26.3759183305207,134.583850796345,584.464915142604
"64","Bubulcus ibis",12,25.227222060805,131.138429615523,520.75697283391
"65","Bubulcus ibis",13,24.9055499412899,132.573432442521,515.869302946552
"66","Bubulcus ibis",14,25.8866368760312,151.457503951404,600.459157072687
"67","Bubulcus ibis",15,27.1603227564562,168.134144442176,660.548572464984
"68","Bubulcus ibis",16,30.7274393733694,191.562733297996,807.601179254398
"69","Bubulcus ibis",17,32.3964952472215,190.627874232939,852.835293688527
"70","Bubulcus ibis",18,34.9254576408393,188.218928894082,901.222838970128
"71","Bubulcus ibis",19,39.3442753162159,195.641871840261,1030.15100883165
"72","Bubulcus ibis",20,37.6182694493934,184.94366593121,960.265900463484
"73","Bubulcus ibis",21,35.7800170891578,184.114124403361,919.237028484701
"74","Bubulcus ibis",22,33.4111560862578,185.219761630162,880.382074173542
"75","Bubulcus ibis",23,34.0495867745686,220.359957499958,1016.24327054778
"76","Bubulcus ibis",24,34.1240931149423,269.651996021379,1241.48614276316
"77","Bubulcus ibis",25,33.8778763056049,328.061230391886,1486.57923680371
"78","Bubulcus ibis",26,34.9229377961129,393.760233232092,1762.01476381572
"79","Bubulcus ibis",27,33.2315304118642,369.53071206197,1667.85819550238
"80","Bubulcus ibis",28,32.5160640571663,349.607414403717,1614.44119224351
"81","Bubulcus ibis",29,31.3603807690435,312.932760904508,1469.60740947347
"82","Bubulcus ibis",30,31.0943600838061,283.870418785707,1315.36045640117
"83","Bubulcus ibis",31,28.9720622268067,234.888297414321,984.790000802508
"84","Bubulcus ibis",32,27.0507518540405,185.756685723212,715.00162219871
"85","Bubulcus ibis",33,26.7864718896486,174.039490207831,655.134911984894
"86","Bubulcus ibis",34,26.5377069236628,173.212939737349,650.718745234046
"87","Bubulcus ibis",35,26.9595072830776,189.730838718108,724.798588316073
"88","Bubulcus ibis",36,26.4851471008588,254.698072174696,1011.75818847998
"89","Bubulcus ibis",37,27.4699356314353,359.107266047058,1534.09094236412
"90","Bubulcus ibis",38,29.0171485011754,325.595567785238,1451.13347803236
"91","Bubulcus ibis",39,31.8384961626672,282.72526685197,1320.08124640345
"92","Bubulcus ibis",40,37.4286927350156,296.246047378669,1499.39557890284
"93","Bubulcus ibis",41,38.3275794505026,261.471351474836,1332.59988736385
"94","Bubulcus ibis",42,40.465500328787,258.406367948377,1360.91849289803
"95","Bubulcus ibis",43,39.9556803476342,253.918667061793,1319.82221650536
"96","Bubulcus ibis",44,37.0954364802445,277.37411322439,1363.74207429787
"97","Bubulcus ibis",45,35.4860842327224,316.324362797566,1493.77134819145
"98","Bubulcus ibis",46,33.8437784807096,257.196503591379,1164.90538900118
"99","Bubulcus ibis",47,31.4806928429558,195.272629470393,869.139448695679
"100","Bubulcus ibis",48,31.0162908098168,180.058866071273,794.620875793981
"101","Bubulcus ibis",49,29.4208755240617,160.902826348954,724.458343647864
"102","Bubulcus ibis",50,29.055736287637,143.643759262888,709.697026564078
"103","Bubulcus ibis",51,28.532779824374,136.531343949901,700.308952663878
"104","Bubulcus ibis",52,27.188034046727,124.864337931984,632.846238135212
"105","Butorides virescens",1,37.3250875531626,101.749825098901,NA
"106","Butorides virescens",2,36.6456474078128,95.7233500553553,NA
"107","Butorides virescens",3,34.7643195290842,84.7482020670086,NA
"108","Butorides virescens",4,34.0309843632319,79.4225519633874,NA
"109","Butorides virescens",5,33.4203902341881,77.3373352183065,NA
"110","Butorides virescens",6,33.0531071033447,76.1071697910833,NA
"111","Butorides virescens",7,31.7800858572321,72.4976386749128,NA
"112","Butorides virescens",8,30.664389304495,70.7131278076928,NA
"113","Butorides virescens",9,31.3363207639336,71.162998414887,NA
"114","Butorides virescens",10,29.4266818623483,66.2113391550261,NA
"115","Butorides virescens",11,28.2955637909539,67.050655415917,NA
"116","Butorides virescens",12,25.8762728311403,64.3923141958348,NA
"117","Butorides virescens",13,25.3931367162864,68.9864630996189,NA
"118","Butorides virescens",14,25.9711286267355,70.6994262830442,NA
"119","Butorides virescens",15,27.2840997251691,65.5552254219348,NA
"120","Butorides virescens",16,29.6144531018242,67.7811058531215,NA
"121","Butorides virescens",17,29.9676380434763,67.0428939979886,NA
"122","Butorides virescens",18,32.7710198517335,72.5704906900585,NA
"123","Butorides virescens",19,35.1696351028876,79.0855196745699,NA
"124","Butorides virescens",20,33.9174914198724,72.9675103736698,NA
"125","Butorides virescens",21,34.1141872141014,70.5946983045033,NA
"126","Butorides virescens",22,33.4719567580702,69.9049386669181,NA
"127","Butorides virescens",23,32.8641510648447,78.2525807518247,NA
"128","Butorides virescens",24,30.5800635913588,73.3270597357,NA
"129","Butorides virescens",25,28.5740259702509,74.3247535180964,NA
"130","Butorides virescens",26,26.2005050790752,75.0371044076523,NA
"131","Butorides virescens",27,23.7890112345567,68.9907684421043,NA
"132","Butorides virescens",28,25.4621459282539,71.7967336907428,NA
"133","Butorides virescens",29,26.3559147981291,69.8720622346543,NA
"134","Butorides virescens",30,28.2779417056311,69.4266258712556,NA
"135","Butorides virescens",31,27.394669213224,65.4059567160872,NA
"136","Butorides virescens",32,27.152243236173,63.1866691630013,NA
"137","Butorides virescens",33,27.9552236553879,66.8359379934506,NA
"138","Butorides virescens",34,26.855812622966,67.1036210855875,NA
"139","Butorides virescens",35,27.6548636952905,72.212768911698,NA
"140","Butorides virescens",36,28.4263005838819,86.1260240165156,NA
"141","Butorides virescens",37,29.122847357906,96.6944973557303,NA
"142","Butorides virescens",38,29.8536558623188,107.855481507141,NA
"143","Butorides virescens",39,29.6015311694537,119.174742294472,NA
"144","Butorides virescens",40,31.4440716968885,110.24295208956,NA
"145","Butorides virescens",41,32.5452110288045,95.0666025832432,NA
"146","Butorides virescens",42,34.9299112848144,90.1995820637932,NA
"147","Butorides virescens",43,38.1378982420237,88.6889917063087,NA
"148","Butorides virescens",44,40.0488478302252,89.4654646923336,NA
"149","Butorides virescens",45,41.0209865934331,93.5219683693932,NA
"150","Butorides virescens",46,40.8247840186999,94.4907539020344,NA
"151","Butorides virescens",47,40.9461938761653,90.5824224885117,NA
"152","Butorides virescens",48,38.3391570619148,84.0538799021954,NA
"153","Butorides virescens",49,36.9628428732969,83.7276158811334,NA
"154","Butorides virescens",50,37.0279304007381,83.3416674979215,NA
"155","Butorides virescens",51,35.1954299299698,86.3296730189285,NA
"156","Butorides virescens",52,36.8615467707077,95.3981950995628,NA
"157","Caracara plancus",1,72.5351277499108,127.516074106232,1585.62925820169
"158","Caracara plancus",2,73.8355081701251,129.815708817955,1640.6113809298
"159","Caracara plancus",3,75.2203654453286,132.716897366701,1702.19189595668
"160","Caracara plancus",4,76.55603044909,135.843948038889,1759.90024709363
"161","Caracara plancus",5,76.9613463644895,137.288926646313,1786.17305684238
"162","Caracara plancus",6,77.6461858297337,139.341520044015,1825.70303353488
"163","Caracara plancus",7,77.8668150942492,140.194040328526,1836.57875548554
"164","Caracara plancus",8,78.2109942453773,141.606954742818,1861.23706025965
"165","Caracara plancus",9,78.7253564238318,144.089054544268,1905.23867169876
"166","Caracara plancus",10,77.9831150355592,143.265512545825,1889.7646623195
"167","Caracara plancus",11,78.0441202526677,143.629780462972,1881.31650351962
"168","Caracara plancus",12,77.1653919782107,142.413998333405,1846.48508624376
"169","Caracara plancus",13,74.9602567176211,138.405920051887,1738.26731669557
"170","Caracara plancus",14,75.2166158951111,139.4366833967,1760.47999708247
"171","Caracara plancus",15,77.6379955583321,143.962624565349,1881.37213301398
"172","Caracara plancus",16,78.4428399395448,145.493118498935,1920.56667234924
"173","Caracara plancus",17,79.2081026856015,147.165525640756,1959.95599116937
"174","Caracara plancus",18,79.8422943664225,148.209614127128,1985.44123326252
"175","Caracara plancus",19,80.1109896331963,148.870730735243,1999.34575413521
"176","Caracara plancus",20,80.0241204247255,149.002572175267,1998.92369338817
"177","Caracara plancus",21,80.2340651799418,149.77002168707,2015.4698420659
"178","Caracara plancus",22,80.4229357417534,150.757011836568,2034.31626113918
"179","Caracara plancus",23,80.3444190462913,150.034110575478,2024.31325756888
"180","Caracara plancus",24,80.2208124777943,151.00686620638,2038.65983021548
"181","Caracara plancus",25,79.4745345840406,151.047853853433,2028.2737201289
"182","Caracara plancus",26,77.6592037711006,152.52298616597,2009.52758952948
"183","Caracara plancus",27,78.0373596477724,153.664767304565,2032.18521483948
"184","Caracara plancus",28,80.0342217522783,151.624354867316,2050.05232290171
"185","Caracara plancus",29,81.0664711053582,153.030894703957,2091.25772273326
"186","Caracara plancus",30,81.847568427772,153.812205786491,2117.33571086651
"187","Caracara plancus",31,81.8036532615938,153.382074166391,2107.67832239368
"188","Caracara plancus",32,81.9467409885602,152.769617160254,2099.56785636104
"189","Caracara plancus",33,82.0350064376288,151.899677544655,2084.43351900543
"190","Caracara plancus",34,82.3027151605527,152.623057198994,2101.14438957018
"191","Caracara plancus",35,82.8727776412193,154.929386672456,2148.52054260908
"192","Caracara plancus",36,83.2390651501915,156.521623364446,2179.53724301948
"193","Caracara plancus",37,83.4606820533212,157.165371132386,2193.88318318185
"194","Caracara plancus",38,82.9974683127136,156.670007126152,2178.0478604639
"195","Caracara plancus",39,81.881665282643,155.25867211168,2130.70769165964
"196","Caracara plancus",40,81.7016033676754,154.956839496952,2121.73813466832
"197","Caracara plancus",41,82.5660491317314,155.43074962443,2143.5493084731
"198","Caracara plancus",42,82.6970686496535,154.6762504017,2136.40261076238
"199","Caracara plancus",43,82.3458734528052,153.795300809964,2119.97835423189
"200","Caracara plancus",44,81.618533938356,150.889273922872,2061.45424828238
"201","Caracara plancus",45,80.4094854661479,146.378851090578,1979.96687609048
"202","Caracara plancus",46,79.7686200677609,144.270133962499,1940.15789475109
"203","Caracara plancus",47,79.0529084909884,142.17021719736,1898.48637518832
"204","Caracara plancus",48,78.0690684264642,139.202729494109,1841.27832277763
"205","Caracara plancus",49,77.1951658960978,136.885471452582,1790.9074046285
"206","Caracara plancus",50,75.5902669782555,133.081214914486,1710.55017900488
"207","Caracara plancus",51,74.0941126188415,130.099692058835,1646.48695780568
"208","Caracara plancus",52,72.3161026391362,127.03087201687,1576.88624150404
"209","Cathartes aura",1,48.6483232810377,75.8064174140808,421.366923790235
"210","Cathartes aura",2,47.3652365035393,72.9832449703583,404.639921603016
"211","Cathartes aura",3,48.3705293840558,71.6614957269196,401.16996929198
"212","Cathartes aura",4,50.8097893350426,72.3852288090692,415.777049209878
"213","Cathartes aura",5,53.0001969653096,74.9988887727832,436.021421286817
"214","Cathartes aura",6,54.1899332640255,75.1969728074307,436.077596866125
"215","Cathartes aura",7,54.8576240732247,76.3332162196855,439.590260654569
"216","Cathartes aura",8,53.4006062077841,75.814795073186,430.936155651513
"217","Cathartes aura",9,51.7872692048139,74.4449906566808,419.642588313997
"218","Cathartes aura",10,49.2451092026538,69.4512799505243,384.324104525394
"219","Cathartes aura",11,48.9592855594384,69.8815849356253,382.16184591144
"220","Cathartes aura",12,48.9973637637597,68.3727567136276,373.563739605467
"221","Cathartes aura",13,50.7330036717856,71.6988107906519,403.772817022746
"222","Cathartes aura",14,49.2672803965679,69.8405024580009,392.275626178686
"223","Cathartes aura",15,50.8247747400976,73.0372820104711,422.369928550089
"224","Cathartes aura",16,53.373992888296,80.5327075171435,480.306223814516
"225","Cathartes aura",17,54.3308411470875,82.0705745585154,495.561569564774
"226","Cathartes aura",18,56.8546480904264,85.5174894687591,533.024136180489
"227","Cathartes aura",19,59.582972694249,90.4016664319142,571.661435725216
"228","Cathartes aura",20,55.7875599278355,81.9581075515075,491.881570188427
"229","Cathartes aura",21,53.9034345696306,78.2781272889642,450.722041434668
"230","Cathartes aura",22,51.913439036113,74.8283188312151,421.607549738879
"231","Cathartes aura",23,50.7063742358062,71.4857344035309,393.903060676446
"232","Cathartes aura",24,51.4129830037007,74.7367564128532,415.869789745282
"233","Cathartes aura",25,51.2337820441532,74.3357802543333,408.937407095098
"234","Cathartes aura",26,51.2785677330243,74.8086215475252,414.256298628871
"235","Cathartes aura",27,50.3619622639291,76.4931951543196,426.171127719023
"236","Cathartes aura",28,48.5907064726042,75.8445263437985,420.978975891948
"237","Cathartes aura",29,49.5000921571812,81.3669673708247,455.202190508914
"238","Cathartes aura",30,48.7020955009948,80.7167780771192,448.988708641176
"239","Cathartes aura",31,48.2820335421305,78.1389165724635,431.22490594805
"240","Cathartes aura",32,49.638661282325,77.9206199543099,435.029800128123
"241","Cathartes aura",33,50.2043536024096,77.6258651637024,433.117088679834
"242","Cathartes aura",34,49.9872189684429,76.4129856407333,426.431023795743
"243","Cathartes aura",35,52.1037378691271,78.580990458471,443.086465035154
"244","Cathartes aura",36,53.7026871062249,81.6899510673761,469.109325723766
"245","Cathartes aura",37,55.2263794416672,84.0563988428275,486.403135130062
"246","Cathartes aura",38,57.4615302736296,89.8285386039263,534.674749890143
"247","Cathartes aura",39,58.6914525723442,93.9765546638445,578.282594838412
"248","Cathartes aura",40,57.9625734856174,93.7368565787037,587.616942339205
"249","Cathartes aura",41,58.7818660577741,94.4263469490222,603.422229098175
"250","Cathartes aura",42,60.7872151575497,97.5934513565881,630.536237891693
"251","Cathartes aura",43,61.7403161035982,101.489774671492,648.442045675752
"252","Cathartes aura",44,62.6693674640033,104.59054084999,670.759168460928
"253","Cathartes aura",45,61.6774115937991,100.993904474894,637.195016065729
"254","Cathartes aura",46,60.7708401630224,99.0119818618376,614.253791637849
"255","Cathartes aura",47,60.7264189637847,97.56560397428,607.080649339375
"256","Cathartes aura",48,57.3475004235975,87.5887230813735,523.436189419913
"257","Cathartes aura",49,55.4847964225728,82.3627805789948,484.319998320913
"258","Cathartes aura",50,54.0797058039426,79.002239412724,458.871616754898
"259","Cathartes aura",51,50.4054984983549,72.9430868378891,407.750272630243
"260","Cathartes aura",52,48.3131281702998,72.623347121131,395.249222633796
"261","Columba livia",1,5.72098914187542,31.5088373485427,100.499344910463
"262","Columba livia",2,5.34977300832734,28.5379627671837,89.1664046690533
"263","Columba livia",3,5.23102595591209,27.2705606289354,86.80120135232
"264","Columba livia",4,5.13786000464781,27.6260104112556,91.1251088058173
"265","Columba livia",5,5.2235573377931,28.2094813854517,93.2436487436654
"266","Columba livia",6,5.28722057822505,28.3226479902766,92.6890593231675
"267","Columba livia",7,5.15829273715181,27.942948253797,91.9368119785371
"268","Columba livia",8,4.70509389615927,23.0235222318221,76.8494505173555
"269","Columba livia",9,4.70645544056139,22.6012571703414,73.0637757454576
"270","Columba livia",10,4.59983101089162,21.9497461587708,72.4718367883194
"271","Columba livia",11,4.9497513310521,23.6528144072792,74.2822557133233
"272","Columba livia",12,4.99082484796379,24.2142778002393,74.3873432486077
"273","Columba livia",13,4.9172510424694,23.5188347548094,73.8705080341357
"274","Columba livia",14,4.97619519857323,24.4657794953056,77.5276211393485
"275","Columba livia",15,4.95867249341573,25.2149225987492,81.0916657682685
"276","Columba livia",16,4.87705266103229,24.3200309247136,79.2654187807901
"277","Columba livia",17,4.80561693646005,22.8547260663739,74.3249539313176
"278","Columba livia",18,4.98237917156038,22.325326097649,71.9341705516683
"279","Columba livia",19,5.23682339081127,23.0577703589472,74.6275027576826
"280","Columba livia",20,5.15488551224651,23.2685521590382,76.9331467384304
"281","Columba livia",21,5.13523411015659,23.655621752393,76.9441710183271
"282","Columba livia",22,4.8982391440648,22.4258998521992,73.1982244698399
"283","Columba livia",23,4.86452709892781,22.9146467343468,71.9406970743191
"284","Columba livia",24,4.80050736844725,23.2884157763808,73.5639376230168
"285","Columba livia",25,4.4522918571508,22.0896936438472,73.1754407684422
"286","Columba livia",26,4.47417442514655,21.8346220957714,71.8386102137329
"287","Columba livia",27,4.42050448691609,21.4909991526354,72.0840959176245
"288","Columba livia",28,4.49282187878692,21.7748776722742,74.0093706427735
"289","Columba livia",29,4.6212539897912,23.3595971868316,81.1456617618365
"290","Columba livia",30,4.67075418833792,24.7329190235638,87.4403676273593
"291","Columba livia",31,5.06559632479636,27.3119498481726,90.8373821591801
"292","Columba livia",32,4.98730690497579,25.9288648427887,84.032211717418
"293","Columba livia",33,5.01416249623794,24.1008903300238,77.5443936058105
"294","Columba livia",34,4.91958989888743,22.5497961050662,70.2011561847779
"295","Columba livia",35,4.79225778377536,21.0213778240986,65.9914197477049
"296","Columba livia",36,4.84299558903914,20.4666713853898,63.4341252721275
"297","Columba livia",37,4.86271719894929,20.6127003377741,63.4951718933446
"298","Columba livia",38,4.71497111007366,19.5535153876421,62.8913789724081
"299","Columba livia",39,4.9131540729429,20.6153757296266,66.8962313484591
"300","Columba livia",40,5.24660688234744,22.1408996938464,70.768691450265
"301","Columba livia",41,5.64150910918875,24.0116922077987,76.304508844741
"302","Columba livia",42,5.96638172473188,25.704131672478,81.8852562180232
"303","Columba livia",43,5.9442686764509,25.9461347510809,79.5815791895073
"304","Columba livia",44,5.92895954475416,26.6805438911279,78.1994399708925
"305","Columba livia",45,5.79117594033499,27.5100281642863,77.902367983967
"306","Columba livia",46,5.62463377778431,26.6291688369589,73.769296970889
"307","Columba livia",47,5.46378424023085,26.0694822530011,71.9112991551752
"308","Columba livia",48,5.31376911705212,24.6966891919217,70.7483548891044
"309","Columba livia",49,5.2773697510219,24.8284111394919,71.3292296237303
"310","Columba livia",50,5.19145236354608,25.3323735498325,75.0481423243774
"311","Columba livia",51,5.30363808686738,27.135624186302,81.9775194397411
"312","Columba livia",52,5.55272495819797,30.1284713538261,91.131643084224
"313","Coragyps atratus",1,93.8355350771637,483.371472853113,29623.2847027421
"314","Coragyps atratus",2,94.3615703449233,506.207616142971,31164.7762796505
"315","Coragyps atratus",3,95.1140828137642,528.254684494494,32817.4502453575
"316","Coragyps atratus",4,95.6350208768499,534.48386808531,33321.4193241349
"317","Coragyps atratus",5,95.6216705188972,592.386965426473,36608.1776047426
"318","Coragyps atratus",6,96.0513077065924,589.110212687813,36797.8344639726
"319","Coragyps atratus",7,94.951912204124,536.047790227086,33500.2706196633
"320","Coragyps atratus",8,95.4515240046912,519.880913919509,32504.8767677717
"321","Coragyps atratus",9,95.8480499682198,513.342133907179,31955.4651275465
"322","Coragyps atratus",10,94.2849546135528,490.153849215346,30247.3275844592
"323","Coragyps atratus",11,92.9431228940833,479.363374956741,29141.3334538141
"324","Coragyps atratus",12,90.9261270193187,461.703985676801,27643.3954846045
"325","Coragyps atratus",13,89.2031673364047,463.912185070084,27243.1152456044
"326","Coragyps atratus",14,86.873317871615,484.870569292081,28285.3723721658
"327","Coragyps atratus",15,88.4337863777206,490.181019372094,29200.818381562
"328","Coragyps atratus",16,93.0978157969603,525.333996713854,32671.8195560609
"329","Coragyps atratus",17,94.2992907948893,521.65284634582,33109.0408733346
"330","Coragyps atratus",18,98.572535235952,529.284554281414,34301.3067030296
"331","Coragyps atratus",19,100.836581303091,528.455921243935,34751.9292138164
"332","Coragyps atratus",20,97.4108863130582,498.395591203467,31962.9948233136
"333","Coragyps atratus",21,94.6677576026087,476.611028893381,30125.4774751318
"334","Coragyps atratus",22,93.5921117554806,473.295325627214,29622.6249815025
"335","Coragyps atratus",23,92.6734774951617,470.129435636274,29200.2339973321
"336","Coragyps atratus",24,94.2651145217822,500.350928406593,31790.8654670033
"337","Coragyps atratus",25,94.4483592364116,510.61984357377,32823.7398197661
"338","Coragyps atratus",26,94.8598220901038,513.197406265096,33239.9009391261
"339","Coragyps atratus",27,96.2123167541097,521.842253224468,34411.26401324
"340","Coragyps atratus",28,97.622947526697,539.324693496254,36022.3956158
"341","Coragyps atratus",29,99.2458002970595,564.049296728812,37817.8939152852
"342","Coragyps atratus",30,98.0117781138591,558.430099014346,37526.5471879667
"343","Coragyps atratus",31,96.6390919924443,544.421587333168,35894.7157715489
"344","Coragyps atratus",32,96.0599527529176,511.154080255948,33462.4962564583
"345","Coragyps atratus",33,97.5923298545232,492.058044038156,32169.991850892
"346","Coragyps atratus",34,98.7204981445686,491.847539946192,32304.2931678792
"347","Coragyps atratus",35,100.349611800646,498.545408489077,32986.3426912756
"348","Coragyps atratus",36,102.7982903541,523.334420518133,35169.8285807075
"349","Coragyps atratus",37,102.88787236686,538.287712141123,36001.1581628117
"350","Coragyps atratus",38,103.434318891504,545.093809345788,36682.8701399669
"351","Coragyps atratus",39,103.870327510679,547.328360413165,36984.3690595809
"352","Coragyps atratus",40,104.227267520956,546.152328085874,37033.3209617142
"353","Coragyps atratus",41,104.666653490559,542.279818421066,37133.9257443426
"354","Coragyps atratus",42,105.36807103736,543.438428020616,37564.8834262771
"355","Coragyps atratus",43,105.918302594156,563.65220588518,39192.2524185719
"356","Coragyps atratus",44,105.839680788737,566.891997349032,39308.3102090721
"357","Coragyps atratus",45,102.649043408088,555.961741749167,37681.5419232142
"358","Coragyps atratus",46,101.523198384284,543.9572531944,36184.7101400973
"359","Coragyps atratus",47,98.5191882773113,503.921287791064,32668.5596817481
"360","Coragyps atratus",48,95.627994766373,456.425843342071,28916.0498020951
"361","Coragyps atratus",49,93.3815018468324,425.714814709853,26432.126508731
"362","Coragyps atratus",50,91.5079493736692,407.220124410942,24867.129227204
"363","Coragyps atratus",51,90.3761337418388,410.772504044626,24722.3879351908
"364","Coragyps atratus",52,92.1087720265811,449.281016242325,27148.3155080593
"365","Falco sparverius",1,13.3471992054393,9.93349961138211,9.69258481097619
"366","Falco sparverius",2,14.4454647057866,10.6168606132273,10.5863365815348
"367","Falco sparverius",3,15.9926954050332,11.411650417296,11.4778509092558
"368","Falco sparverius",4,15.7085558809797,10.3977806003732,9.67392471184579
"369","Falco sparverius",5,15.2462500191059,10.0042154056363,8.90503214233975
"370","Falco sparverius",6,14.6037722905961,9.52866823076335,8.52733610433687
"371","Falco sparverius",7,13.503822919834,8.74211278796454,7.55364497523074
"372","Falco sparverius",8,14.3281816373416,9.99426409319427,8.69545753687462
"373","Falco sparverius",9,14.2349076906787,10.2399036169297,9.01961970172815
"374","Falco sparverius",10,13.0404465814684,9.45597677827137,8.13362293119626
"375","Falco sparverius",11,12.2044347645131,8.86125692604982,7.1317650007528
"376","Falco sparverius",12,11.1125036318297,8.02941199884806,6.50134849536908
"377","Falco sparverius",13,10.9832932777282,7.90409074956456,6.43249084198737
"378","Falco sparverius",14,10.5988239133505,7.28462571827293,5.7337841577813
"379","Falco sparverius",15,11.8674276678114,8.22008087020217,6.85843440870963
"380","Falco sparverius",16,13.8112549344091,9.51046912296128,8.59555306401389
"381","Falco sparverius",17,16.6352694752991,11.953706158173,11.7006481125316
"382","Falco sparverius",18,20.2197996977549,15.2212183200985,15.5435233525111
"383","Falco sparverius",19,21.1996329759231,16.0870646515778,16.2953069924213
"384","Falco sparverius",20,18.4423987369072,14.0874339130845,14.3526467167316
"385","Falco sparverius",21,16.7064691326368,12.7601195974993,13.0199486871123
"386","Falco sparverius",22,15.3936447467963,11.4111477033103,11.6796610979458
"387","Falco sparverius",23,14.5528814031323,10.6824295307013,11.1965742140459
"388","Falco sparverius",24,14.774000102994,10.7917114983427,11.187218189215
"389","Falco sparverius",25,13.7785543558598,9.77726696806025,9.58381948528699
"390","Falco sparverius",26,13.9572351923633,9.78671245332202,9.06421690864388
"391","Falco sparverius",27,15.370979521051,11.6417225566838,11.4512786238827
"392","Falco sparverius",28,15.8985534464718,12.4582323078961,13.1367262651094
"393","Falco sparverius",29,15.4498840001793,11.6391576412689,12.0519496655058
"394","Falco sparverius",30,14.7763800350257,11.0785653154588,11.2404711088928
"395","Falco sparverius",31,13.495801123836,9.75926936434968,9.04920228113402
"396","Falco sparverius",32,12.6169754173687,9.23307891866884,7.89967269180517
"397","Falco sparverius",33,11.6553469925167,8.3503325085064,6.82545840372958
"398","Falco sparverius",34,11.6967143844972,8.22540344313205,6.59444705009361
"399","Falco sparverius",35,13.2602170517424,9.34807982755402,7.77012142540257
"400","Falco sparverius",36,13.7899598747417,9.26884816920164,7.98947572907437
"401","Falco sparverius",37,13.9549556419478,9.1553798499721,8.13168202108868
"402","Falco sparverius",38,12.2240022382307,7.92189752129424,6.9540787237383
"403","Falco sparverius",39,11.0305936623602,6.84881928321268,5.64565307790457
"404","Falco sparverius",40,12.116022666808,7.82801029171067,6.54866867474498
"405","Falco sparverius",41,12.5119493428359,8.19573667765732,6.79661204403931
"406","Falco sparverius",42,15.5996465860236,10.9029437536792,10.0835524541878
"407","Falco sparverius",43,17.693294312918,13.3165661970738,12.8275789738419
"408","Falco sparverius",44,19.7814813546588,15.0977004128741,15.1253523104311
"409","Falco sparverius",45,19.9279767936093,15.7463856648054,16.0472699833294
"410","Falco sparverius",46,19.6596384766819,15.3793682743226,15.2866158155133
"411","Falco sparverius",47,17.5867657586444,13.4806530236176,12.4597553937453
"412","Falco sparverius",48,14.6646274611838,11.3671773818834,9.58144589377891
"413","Falco sparverius",49,11.4895555579392,8.76169865809182,6.97142342847947
"414","Falco sparverius",50,10.2543397943713,7.74235741857659,6.15274440724433
"415","Falco sparverius",51,9.6592788687622,7.15830857960444,5.76310598431603
"416","Falco sparverius",52,11.3882656618488,8.7850936844609,7.82424458379822
"417","Fregata magnificens",1,2.37205862150824,26.1421680220408,300.270532452758
"418","Fregata magnificens",2,2.11859340697967,26.8888144422624,302.190578447316
"419","Fregata magnificens",3,2.15740613512097,32.6465520538167,354.856649789887
"420","Fregata magnificens",4,1.99681522340148,37.9811586368916,398.965493992697
"421","Fregata magnificens",5,2.01548301341273,54.2880302743591,575.283168401274
"422","Fregata magnificens",6,1.97090461335065,72.2764196067259,756.107448792103
"423","Fregata magnificens",7,2.05670461382956,83.0485629616066,897.435485365416
"424","Fregata magnificens",8,1.95275585907749,54.0180553042422,573.437883071511
"425","Fregata magnificens",9,1.94611921212602,47.9585127552154,509.666177006259
"426","Fregata magnificens",10,2.07737269586918,47.9308343435635,548.505362122754
"427","Fregata magnificens",11,2.01030810314526,35.7163168721037,390.178368597668
"428","Fregata magnificens",12,1.97974021272037,25.463133284252,280.430579117773
"429","Fregata magnificens",13,1.90135662550971,19.7652129772497,201.132546449695
"430","Fregata magnificens",14,2.00290836046686,21.0767914180595,223.765326149122
"431","Fregata magnificens",15,2.01087915268625,20.4707182713932,216.899307187671
"432","Fregata magnificens",16,1.92867586484102,16.9929551395595,172.967633529381
"433","Fregata magnificens",17,1.96100935196687,16.2436446980293,168.523658555983
"434","Fregata magnificens",18,2.14555430555654,16.1063945675064,170.801488466242
"435","Fregata magnificens",19,2.1686174416765,14.1049672805146,141.659365273719
"436","Fregata magnificens",20,2.25489274041089,13.0285931475683,132.403877634453
"437","Fregata magnificens",21,2.09257404467851,11.4882731887566,105.466205253915
"438","Fregata magnificens",22,1.84472242298547,10.6454884124941,95.3582542284476
"439","Fregata magnificens",23,1.7333518648113,9.95323911720471,88.3652869534965
"440","Fregata magnificens",24,1.72005104588395,11.6504627931535,99.0171175497327
"441","Fregata magnificens",25,1.75611950826109,12.0132735395855,108.308570598994
"442","Fregata magnificens",26,2.07519179963388,15.0575120725354,156.654948385403
"443","Fregata magnificens",27,2.37824893876033,20.341703516467,221.176912634994
"444","Fregata magnificens",28,2.69713068070929,26.5298549106045,303.014369795773
"445","Fregata magnificens",29,2.48059916378959,22.8276410098158,257.810514902757
"446","Fregata magnificens",30,2.25539204101905,20.2559450093004,224.301507869587
"447","Fregata magnificens",31,2.14640264286869,18.0096751129175,200.69408523004
"448","Fregata magnificens",32,2.16979970742905,17.3971558744276,195.053897387341
"449","Fregata magnificens",33,2.40141852740658,17.2234757725243,196.887711654988
"450","Fregata magnificens",34,2.31701540979037,16.7057203563134,186.715325153973
"451","Fregata magnificens",35,2.2070506215491,16.7616018194154,175.69315513046
"452","Fregata magnificens",36,2.0621345237582,16.4283799594621,165.991162667957
"453","Fregata magnificens",37,1.99207034099254,16.5250299343113,173.379760611178
"454","Fregata magnificens",38,1.98787221753213,15.4688066171947,165.376073323414
"455","Fregata magnificens",39,1.99645441146186,13.701500747979,146.760809353451
"456","Fregata magnificens",40,3.17741154312281,20.5270892652442,350.936857160331
"457","Fregata magnificens",41,3.3396665403929,22.5110695832669,374.632449429652
"458","Fregata magnificens",42,3.34759776825488,24.6969633717239,393.449905327588
"459","Fregata magnificens",43,2.55224379303803,28.366904084815,342.107280630332
"460","Fregata magnificens",44,2.32048938223904,23.3583699340785,270.26194777109
"461","Fregata magnificens",45,2.14378235546225,18.6752989825072,218.31050246048
"462","Fregata magnificens",46,2.10764123248037,17.5301472205739,192.324662346258
"463","Fregata magnificens",47,2.06189443082151,16.4050837577424,171.913210353553
"464","Fregata magnificens",48,1.9835805008505,15.9176780082123,161.73554828877
"465","Fregata magnificens",49,2.03193567365057,19.260858348787,202.604437160202
"466","Fregata magnificens",50,2.12618894067217,22.5500770322613,249.5892354992
"467","Fregata magnificens",51,2.16754729990188,22.4030451725867,252.557912423583
"468","Fregata magnificens",52,2.12871157657867,21.4429450965607,235.843025418796
"469","Nycticorax nycticorax",1,4.61308928526246,7.23778773678755,16.9643830044662
"470","Nycticorax nycticorax",2,4.89591001747696,7.61258975453755,19.372722384011
"471","Nycticorax nycticorax",3,5.69427865294275,9.3231071622089,25.9278295512892
"472","Nycticorax nycticorax",4,5.69884061707275,9.52998397672332,26.3631984243702
"473","Nycticorax nycticorax",5,5.87772175771377,10.556344880552,30.1118002224317
"474","Nycticorax nycticorax",6,6.08460163381411,11.1724051746121,30.7289683812114
"475","Nycticorax nycticorax",7,5.41511121339064,9.37130190317464,21.6970447264262
"476","Nycticorax nycticorax",8,5.42681024238833,9.88850538588023,22.7121038590878
"477","Nycticorax nycticorax",9,5.35760202478088,9.67425894507134,22.2925861365581
"478","Nycticorax nycticorax",10,4.68932145140356,8.50004714078622,18.9375197304253
"479","Nycticorax nycticorax",11,4.06781886639507,7.41318065194875,16.5466138170825
"480","Nycticorax nycticorax",12,2.76105403661435,4.42804480154507,7.23202321329265
"481","Nycticorax nycticorax",13,2.62091798055872,4.00625191075803,6.30452808412603
"482","Nycticorax nycticorax",14,2.60137574831938,3.53346190701013,5.43323073690091
"483","Nycticorax nycticorax",15,2.61357825165477,3.3383045197091,4.9938149024927
"484","Nycticorax nycticorax",16,3.43161919399619,4.4013833372447,7.80917546283386
"485","Nycticorax nycticorax",17,3.60341094705962,4.6278655232457,8.36154833960899
"486","Nycticorax nycticorax",18,4.14596419837124,5.75349459614592,10.8764709411047
"487","Nycticorax nycticorax",19,4.01330934836156,6.58913697496692,11.4300212802719
"488","Nycticorax nycticorax",20,3.37444214715042,6.32922574233441,9.64980826171155
"489","Nycticorax nycticorax",21,3.72814989776324,7.61982648811154,12.49526072372
"490","Nycticorax nycticorax",22,4.13364872663596,8.63125447007483,14.7859913562403
"491","Nycticorax nycticorax",23,5.06846556186398,10.7130300318843,21.4981821942652
"492","Nycticorax nycticorax",24,5.07043489654281,10.7260255438855,24.184815197011
"493","Nycticorax nycticorax",25,4.12809040824075,8.78035074616575,17.1084035331102
"494","Nycticorax nycticorax",26,3.98399890862545,8.17425119510225,16.25675557493
"495","Nycticorax nycticorax",27,3.25525723566561,6.80235496880074,12.429864269029
"496","Nycticorax nycticorax",28,2.48084944389397,5.37307449580312,8.77611767677877
"497","Nycticorax nycticorax",29,2.2430184399116,5.00125835330742,7.67153576987897
"498","Nycticorax nycticorax",30,2.0799122521402,4.5908202738184,6.81380511390685
"499","Nycticorax nycticorax",31,2.09912929386193,4.80494712127944,6.76053753684003
"500","Nycticorax nycticorax",32,2.12433332464995,5.07990934455923,7.03294828532968
"501","Nycticorax nycticorax",33,2.06694532877933,5.12605889791187,6.64646150283162
"502","Nycticorax nycticorax",34,1.78370551333238,4.78480264823603,6.03514395603506
"503","Nycticorax nycticorax",35,1.80882387209018,4.53345555397492,5.82938011719846
"504","Nycticorax nycticorax",36,2.27781403885271,5.60384693239609,8.12623378707846
"505","Nycticorax nycticorax",37,2.51392619836337,6.32843423498855,9.96335800671087
"506","Nycticorax nycticorax",38,2.90424619202328,7.22536149847345,12.0995012048325
"507","Nycticorax nycticorax",39,3.09669443897811,7.70205738706764,13.3180566418261
"508","Nycticorax nycticorax",40,3.39318037545089,7.72040754828023,13.654158323724
"509","Nycticorax nycticorax",41,3.46941078934781,7.30655964253516,12.8047962680591
"510","Nycticorax nycticorax",42,3.76758352333878,7.36823687277957,13.3008774032362
"511","Nycticorax nycticorax",43,3.8104295472614,7.24595002878796,13.2202361705462
"512","Nycticorax nycticorax",44,4.28725191715373,7.99793041994966,15.4404146074198
"513","Nycticorax nycticorax",45,5.22330013769335,10.4213525116125,22.6735611066884
"514","Nycticorax nycticorax",46,5.68124835137568,11.6719121751987,26.7177899377064
"515","Nycticorax nycticorax",47,5.96386065484996,12.0015230667628,29.2187407805244
"516","Nycticorax nycticorax",48,6.51402390425262,12.3137225579092,32.3630707150192
"517","Nycticorax nycticorax",49,6.23883969187029,11.0757994096678,27.9164609853368
"518","Nycticorax nycticorax",50,5.8635648149615,9.84211822605887,24.8812316612784
"519","Nycticorax nycticorax",51,5.04532710123687,8.18342129017418,20.2125531943973
"520","Nycticorax nycticorax",52,4.56338460363506,7.35600056286006,17.5088690713144
"521","Tyrannus savana",1,36.9765378609142,57.9971979998376,194.652782851632
"522","Tyrannus savana",2,36.1080845432583,57.4844722166885,190.460845017265
"523","Tyrannus savana",3,34.139416920466,57.4278859023344,185.146595008559
"524","Tyrannus savana",4,31.888973643714,58.5244202697326,185.54462898543
"525","Tyrannus savana",5,28.756127289567,58.3049226453546,172.225315825856
"526","Tyrannus savana",6,25.9384233404458,58.8245989802711,152.333705747846
"527","Tyrannus savana",7,23.3873449467301,58.0022268883643,136.105313010093
"528","Tyrannus savana",8,17.8506147398345,44.271235283659,84.0156204841751
"529","Tyrannus savana",9,13.8068411869564,38.6635244170541,67.8887707133391
"530","Tyrannus savana",10,8.9784699241289,30.0333425642334,50.6587009044492
"531","Tyrannus savana",11,5.84677969004181,25.9308390121844,44.1594216315748
"532","Tyrannus savana",12,4.34639263938566,20.9266762236215,36.1238677965725
"533","Tyrannus savana",13,4.31223152797961,19.689030213537,33.5113271703002
"534","Tyrannus savana",14,4.01389715156686,17.2662975776188,28.6463681759853
"535","Tyrannus savana",15,3.78896024965205,17.0650649371856,26.5772216707213
"536","Tyrannus savana",16,3.57767730310644,20.2309002777174,29.9530022606319
"537","Tyrannus savana",17,2.99633906726242,19.9198269064041,26.4520821575171
"538","Tyrannus savana",18,2.39464975004747,16.8268652093372,23.5229787932396
"539","Tyrannus savana",19,1.97656487107909,13.3297965491407,15.6524634323472
"540","Tyrannus savana",20,1.10561381948002,5.06206903313942,8.06466335697243
"541","Tyrannus savana",21,1.6560802036334,6.84461038163964,9.65721449143407
"542","Tyrannus savana",22,1.71668424415346,7.09742693602733,10.5673702052687
"543","Tyrannus savana",23,1.93638773978127,9.4299354513585,14.9518442205681
"544","Tyrannus savana",24,1.7743892274059,10.7371412612522,16.2135702455235
"545","Tyrannus savana",25,1.4947398707618,9.99141303419995,15.1372092902944
"546","Tyrannus savana",26,1.47463162154933,9.5447690332955,14.3668755831652
"547","Tyrannus savana",27,1.43583686729804,7.42475140746752,10.7628991357959
"548","Tyrannus savana",28,1.42331640655855,5.84208348925178,7.63833631380065
"549","Tyrannus savana",29,1.44130603574176,5.76746041456466,6.55744287361324
"550","Tyrannus savana",30,1.96154107272815,7.23200495336035,8.01992258000724
"551","Tyrannus savana",31,2.79026953054046,11.8403211013976,13.9668438687903
"552","Tyrannus savana",32,4.39191167700803,15.4097847198758,17.3352310501209
"553","Tyrannus savana",33,8.42535244410877,17.8279342774529,22.1886197193456
"554","Tyrannus savana",34,14.2526564325417,24.442006114944,36.4525153836894
"555","Tyrannus savana",35,22.7136369081741,35.6961737691843,66.387691291431
"556","Tyrannus savana",36,31.5865251297006,53.5010010973645,126.562156580901
"557","Tyrannus savana",37,38.2168693579517,65.8278839972339,173.847067345835
"558","Tyrannus savana",38,42.4729746543457,76.8247731306204,221.187676544962
"559","Tyrannus savana",39,47.2040540821661,90.0105422517469,282.884451808589
"560","Tyrannus savana",40,50.1226239319025,101.475590427267,351.574764852655
"561","Tyrannus savana",41,50.3823507539252,103.474151365214,373.599842910177
"562","Tyrannus savana",42,50.5716625458429,102.02936045425,383.193026286318
"563","Tyrannus savana",43,51.144192751285,99.4319483818059,382.040453805178
"564","Tyrannus savana",44,50.7506841087883,95.0124759990408,368.945490034663
"565","Tyrannus savana",45,49.8526120820058,90.9263216549107,352.167314153854
"566","Tyrannus savana",46,48.5163689029405,84.8024641607087,322.939502873577
"567","Tyrannus savana",47,46.0877201922766,76.7330507037357,284.058969961832
"568","Tyrannus savana",48,43.4862016574924,70.5862319811122,251.596267809291
"569","Tyrannus savana",49,41.2053275098092,65.8335864459135,228.428434866058
"570","Tyrannus savana",50,39.1486422905421,61.6439494402328,207.618577822817
"571","Tyrannus savana",51,37.9558956400779,59.2308248368236,196.026359663777
"572","Tyrannus savana",52,37.5805209311464,59.8765488085595,198.58009993875
"573","Vanellus chilensis",1,67.1180832758027,196.993806652728,1160.43527855878
"574","Vanellus chilensis",2,67.8924400995485,200.712277169961,1183.30483543987
"575","Vanellus chilensis",3,67.178098171991,204.365748574003,1199.08610567322
"576","Vanellus chilensis",4,66.1006390917318,202.647387027548,1177.84214044254
"577","Vanellus chilensis",5,65.5819790166136,201.682058064837,1171.88836170187
"578","Vanellus chilensis",6,66.1541338536507,210.447812380601,1239.65170605489
"579","Vanellus chilensis",7,65.6892783363912,207.080126543625,1215.89191815932
"580","Vanellus chilensis",8,66.6340487578914,217.813922284071,1295.65270632977
"581","Vanellus chilensis",9,67.5336401919663,231.371767604589,1387.42467522625
"582","Vanellus chilensis",10,65.7405448963648,225.013584380831,1323.4876364721
"583","Vanellus chilensis",11,66.4331599241416,229.276689304959,1342.88878141756
"584","Vanellus chilensis",12,65.519301876207,218.212675088411,1259.30759264092
"585","Vanellus chilensis",13,66.7605418989822,217.880692730724,1261.84776473515
"586","Vanellus chilensis",14,64.8020625781835,211.654980466786,1221.79521624396
"587","Vanellus chilensis",15,65.3808962302934,217.097449217274,1261.88027577983
"588","Vanellus chilensis",16,68.2828638884163,232.190475545758,1378.22330276775
"589","Vanellus chilensis",17,69.8021876420251,243.648184790002,1482.66052585407
"590","Vanellus chilensis",18,72.8705873613792,256.545919434264,1609.99726495279
"591","Vanellus chilensis",19,76.7032935704222,274.229463320811,1768.96487047262
"592","Vanellus chilensis",20,75.4667431484896,272.237141072652,1745.50271503493
"593","Vanellus chilensis",21,74.383433514235,264.228734690904,1647.73637098215
"594","Vanellus chilensis",22,71.2369607666947,251.526482855505,1518.90263417093
"595","Vanellus chilensis",23,69.0016789878759,234.411428380187,1357.92145211301
"596","Vanellus chilensis",24,67.4195161683323,221.601469344811,1248.21867137637
"597","Vanellus chilensis",25,66.9095997150287,218.739924868438,1244.48287496783
"598","Vanellus chilensis",26,67.9028670570143,220.319105108347,1270.84505651081
"599","Vanellus chilensis",27,69.9912075971061,230.244518108628,1390.65691740323
"600","Vanellus chilensis",28,73.3674667796491,245.387121301791,1537.82461527631
"601","Vanellus chilensis",29,73.7677536199568,250.2749370831,1584.31341355249
"602","Vanellus chilensis",30,73.8559072541768,248.663660145967,1575.00939159314
"603","Vanellus chilensis",31,73.3871971343217,244.983458032505,1550.5908651143
"604","Vanellus chilensis",32,72.0813526434232,236.129708592369,1470.94266680232
"605","Vanellus chilensis",33,72.967050932366,235.800234005906,1463.22885845297
"606","Vanellus chilensis",34,73.0007170354846,239.012283928003,1490.27334772423
"607","Vanellus chilensis",35,73.6401640171318,248.094539016491,1534.53932740685
"608","Vanellus chilensis",36,73.036804299434,246.798080014381,1520.22476125061
"609","Vanellus chilensis",37,73.0541586633467,248.236854028462,1543.76990903226
"610","Vanellus chilensis",38,73.1237345391677,248.387633049683,1558.40552639305
"611","Vanellus chilensis",39,74.0271943233423,253.544879386783,1631.73196764199
"612","Vanellus chilensis",40,75.6406903963464,262.006818907073,1716.93286824081
"613","Vanellus chilensis",41,75.4165887003938,262.766230598843,1722.04368203231
"614","Vanellus chilensis",42,75.7877199058635,267.343374123414,1752.08358846931
"615","Vanellus chilensis",43,75.7732154265769,264.574825012862,1713.33749054771
"616","Vanellus chilensis",44,75.3350550405541,251.872253861093,1614.15721671681
"617","Vanellus chilensis",45,74.4398012323343,239.387436171806,1525.15699962953
"618","Vanellus chilensis",46,73.0420939398764,223.895558427798,1404.855616165
"619","Vanellus chilensis",47,71.1404046172555,212.712739207978,1314.30109206929
"620","Vanellus chilensis",48,68.3648319690282,205.987766157862,1249.01143253324
"621","Vanellus chilensis",49,65.9714813699708,199.538836379392,1168.74912919407
"622","Vanellus chilensis",50,64.3917264383955,192.784239202422,1117.51242980731
"623","Vanellus chilensis",51,63.3189508267174,186.460896134187,1087.63955588024
"624","Vanellus chilensis",52,64.761062666849,189.089820650694,1110.06034597126
